{"upper_lim": 20.200000000000003, "lower_lim": 5.799999999999997}