{"upper_lim": 8.850000000000001, "lower_lim": 4.449999999999999}