{"upper_lim": 119.85000000000002, "lower_lim": 54.64999999999998}