{"upper_lim": 15.549999999999999, "lower_lim": 2.3500000000000005}