{"upper_lim": 16.450000000000003, "lower_lim": 5.649999999999998}